timestamp,operation_type,latency_ms,accuracy_meters,confidence,success,source
2025-12-15T00:00:00.000Z,gps_query,43.2,2.1,0.95,true,pantheon
2025-12-15T00:00:05.000Z,interpolation,51.7,3.4,0.89,true,monte_carlo
2025-12-15T00:00:10.000Z,geocoding,67.3,1.8,0.97,true,pantheon
2025-12-15T00:00:15.000Z,path_prediction,89.1,5.2,0.82,true,monte_carlo
2025-12-15T00:00:20.000Z,gps_query,38.9,1.9,0.96,true,pantheon
2025-12-15T00:00:25.000Z,interpolation,47.2,2.7,0.91,true,monte_carlo
2025-12-15T00:00:30.000Z,people_search,234.5,0.0,0.88,true,people_finder
2025-12-15T00:00:35.000Z,inmate_search,189.3,0.0,0.92,true,inmate_finder
2025-12-15T00:00:40.000Z,gps_query,52.1,3.1,0.93,true,pantheon
2025-12-15T00:00:45.000Z,path_prediction,95.7,6.8,0.79,true,monte_carlo
2025-12-15T00:00:50.000Z,geocoding,71.4,2.3,0.94,true,pantheon
2025-12-15T00:00:55.000Z,interpolation,44.8,2.9,0.90,true,monte_carlo
2025-12-15T00:01:00.000Z,intelligence_query,112.6,0.0,0.87,true,alexara
2025-12-15T00:01:05.000Z,gps_query,41.5,2.0,0.96,true,pantheon
2025-12-15T00:01:10.000Z,path_prediction,87.3,5.5,0.83,true,monte_carlo
2025-12-15T00:01:15.000Z,people_search,221.8,0.0,0.91,true,people_finder
2025-12-15T00:01:20.000Z,interpolation,49.6,3.2,0.88,true,monte_carlo
2025-12-15T00:01:25.000Z,gps_query,45.7,2.4,0.94,true,pantheon
2025-12-15T00:01:30.000Z,inmate_search,198.2,0.0,0.89,true,inmate_finder
2025-12-15T00:01:35.000Z,geocoding,64.1,1.7,0.98,true,pantheon
2025-12-15T00:01:40.000Z,path_prediction,93.2,6.1,0.81,true,monte_carlo
2025-12-15T00:01:45.000Z,intelligence_query,107.9,0.0,0.89,true,alexara
2025-12-15T00:01:50.000Z,gps_query,39.8,2.2,0.95,true,pantheon
2025-12-15T00:01:55.000Z,interpolation,46.3,2.8,0.92,true,monte_carlo
2025-12-15T00:02:00.000Z,people_search,245.1,0.0,0.86,true,people_finder
