timestamp_send,timestamp_ack,timestamp_fill,pair,side,type,requested_price,avg_fill_price,qty_requested,qty_filled,fees_paid,slippage_bps_realized,order_result
2024-12-15T00:00:01.000Z,2024-12-15T00:00:01.045Z,2024-12-15T00:00:01.120Z,default,buy,maker,100.00,100.02,1.0,1.0,0.10,2.0,filled
2024-12-15T00:00:02.000Z,2024-12-15T00:00:02.038Z,2024-12-15T00:00:02.095Z,default,sell,maker,99.50,99.48,0.5,0.5,0.05,2.0,filled
2024-12-15T00:00:03.000Z,2024-12-15T00:00:03.052Z,2024-12-15T00:00:03.180Z,default,buy,taker,100.10,100.15,2.0,2.0,0.20,5.0,filled
2024-12-15T00:00:04.000Z,2024-12-15T00:00:04.041Z,2024-12-15T00:00:04.110Z,default,buy,maker,100.20,100.21,1.5,1.5,0.15,1.0,filled
2024-12-15T00:00:05.000Z,2024-12-15T00:00:05.055Z,2024-12-15T00:00:05.200Z,default,sell,taker,100.00,99.92,1.0,0.8,0.08,8.0,partial
2024-12-15T00:00:06.000Z,2024-12-15T00:00:06.042Z,2024-12-15T00:00:06.115Z,default,buy,maker,99.80,99.81,1.0,1.0,0.10,1.0,filled
2024-12-15T00:00:07.000Z,2024-12-15T00:00:07.048Z,2024-12-15T00:00:07.130Z,default,sell,maker,99.90,99.88,0.5,0.5,0.05,2.0,filled
2024-12-15T00:00:08.000Z,2024-12-15T00:00:08.065Z,2024-12-15T00:00:08.220Z,default,buy,taker,100.05,100.18,1.0,1.0,0.10,13.0,filled
2024-12-15T00:00:09.000Z,2024-12-15T00:00:09.044Z,2024-12-15T00:00:09.105Z,default,buy,maker,100.00,100.01,1.0,1.0,0.10,1.0,filled
2024-12-15T00:00:10.000Z,2024-12-15T00:00:10.050Z,2024-12-15T00:00:10.160Z,default,sell,maker,99.95,99.93,2.0,2.0,0.20,2.0,filled
2024-12-15T00:00:11.000Z,2024-12-15T00:00:11.038Z,2024-12-15T00:00:11.090Z,default,buy,maker,100.10,100.11,0.5,0.5,0.05,1.0,filled
2024-12-15T00:00:12.000Z,2024-12-15T00:00:12.060Z,2024-12-15T00:00:12.250Z,default,buy,taker,100.20,100.35,1.0,1.0,0.10,15.0,filled
2024-12-15T00:00:13.000Z,2024-12-15T00:00:13.045Z,,default,sell,maker,100.00,,,0.00,0.0,reject
2024-12-15T00:00:14.000Z,2024-12-15T00:00:14.042Z,2024-12-15T00:00:14.100Z,default,buy,maker,99.70,99.71,1.0,1.0,0.10,1.0,filled
2024-12-15T00:00:15.000Z,2024-12-15T00:00:15.055Z,2024-12-15T00:00:15.180Z,default,sell,taker,99.80,99.75,1.5,1.5,0.15,5.0,filled
2024-12-15T00:00:16.000Z,2024-12-15T00:00:16.040Z,2024-12-15T00:00:16.095Z,default,buy,maker,99.90,99.91,1.0,1.0,0.10,1.0,filled
2024-12-15T00:00:17.000Z,2024-12-15T00:00:17.048Z,2024-12-15T00:00:17.120Z,default,buy,maker,100.00,100.01,0.5,0.5,0.05,1.0,filled
2024-12-15T00:00:18.000Z,2024-12-15T00:00:18.062Z,2024-12-15T00:00:18.200Z,default,sell,taker,100.10,100.02,2.0,2.0,0.20,8.0,filled
2024-12-15T00:00:19.000Z,2024-12-15T00:00:19.044Z,2024-12-15T00:00:19.110Z,default,buy,maker,100.20,100.21,1.0,1.0,0.10,1.0,filled
2024-12-15T00:00:20.000Z,2024-12-15T00:00:20.050Z,2024-12-15T00:00:20.150Z,default,sell,maker,100.15,100.13,1.0,1.0,0.10,2.0,filled
2024-12-15T00:00:21.000Z,2024-12-15T00:00:21.038Z,2024-12-15T00:00:21.085Z,default,buy,maker,100.05,100.06,0.5,0.5,0.05,1.0,filled
2024-12-15T00:00:22.000Z,2024-12-15T00:00:22.055Z,2024-12-15T00:00:22.180Z,default,buy,taker,100.00,100.10,1.0,1.0,0.10,10.0,filled
2024-12-15T00:00:23.000Z,2024-12-15T00:00:23.042Z,2024-12-15T00:00:23.100Z,default,sell,maker,99.90,99.88,1.0,1.0,0.10,2.0,filled
2024-12-15T00:00:24.000Z,2024-12-15T00:00:24.048Z,2024-12-15T00:00:24.130Z,default,buy,maker,99.95,99.96,1.5,1.5,0.15,1.0,filled
2024-12-15T00:00:25.000Z,2024-12-15T00:00:25.058Z,2024-12-15T00:00:25.190Z,default,sell,taker,100.00,99.90,1.0,0.9,0.09,10.0,partial
2024-12-15T00:00:26.000Z,2024-12-15T00:00:26.040Z,2024-12-15T00:00:26.095Z,default,buy,maker,100.10,100.11,1.0,1.0,0.10,1.0,filled
2024-12-15T00:00:27.000Z,2024-12-15T00:00:27.045Z,2024-12-15T00:00:27.115Z,default,buy,maker,100.05,100.06,0.5,0.5,0.05,1.0,filled
2024-12-15T00:00:28.000Z,2024-12-15T00:00:28.060Z,2024-12-15T00:00:28.210Z,default,sell,taker,100.00,99.88,1.0,1.0,0.10,12.0,filled
2024-12-15T00:00:29.000Z,2024-12-15T00:00:29.042Z,2024-12-15T00:00:29.100Z,default,buy,maker,99.80,99.81,1.0,1.0,0.10,1.0,filled
2024-12-15T00:00:30.000Z,2024-12-15T00:00:30.050Z,2024-12-15T00:00:30.150Z,default,sell,maker,99.85,99.83,2.0,2.0,0.20,2.0,filled
2024-12-15T00:00:31.000Z,2024-12-15T00:00:31.038Z,2024-12-15T00:00:31.085Z,default,buy,maker,99.90,99.91,0.5,0.5,0.05,1.0,filled
2024-12-15T00:00:32.000Z,2024-12-15T00:00:32.055Z,2024-12-15T00:00:32.175Z,default,buy,taker,100.00,100.08,1.0,1.0,0.10,8.0,filled
2024-12-15T00:00:33.000Z,2024-12-15T00:00:33.044Z,2024-12-15T00:00:33.105Z,default,sell,maker,100.05,100.03,1.0,1.0,0.10,2.0,filled
2024-12-15T00:00:34.000Z,2024-12-15T00:00:34.048Z,2024-12-15T00:00:34.125Z,default,buy,maker,100.00,100.01,1.5,1.5,0.15,1.0,filled
2024-12-15T00:00:35.000Z,2024-12-15T00:00:35.060Z,2024-12-15T00:00:35.200Z,default,sell,taker,99.95,99.85,1.0,1.0,0.10,10.0,filled
2024-12-15T00:00:36.000Z,2024-12-15T00:00:36.040Z,2024-12-15T00:00:36.090Z,default,buy,maker,99.90,99.91,1.0,1.0,0.10,1.0,filled
2024-12-15T00:00:37.000Z,2024-12-15T00:00:37.046Z,2024-12-15T00:00:37.120Z,default,buy,maker,99.95,99.96,0.5,0.5,0.05,1.0,filled
2024-12-15T00:00:38.000Z,2024-12-15T00:00:38.058Z,2024-12-15T00:00:38.185Z,default,sell,taker,100.00,99.92,2.0,2.0,0.20,8.0,filled
2024-12-15T00:00:39.000Z,2024-12-15T00:00:39.042Z,2024-12-15T00:00:39.100Z,default,buy,maker,100.05,100.06,1.0,1.0,0.10,1.0,filled
2024-12-15T00:00:40.000Z,2024-12-15T00:00:40.050Z,2024-12-15T00:00:40.155Z,default,sell,maker,100.10,100.08,1.0,1.0,0.10,2.0,filled
2024-12-15T00:00:41.000Z,2024-12-15T00:00:41.038Z,2024-12-15T00:00:41.080Z,default,buy,maker,100.00,100.01,0.5,0.5,0.05,1.0,filled
2024-12-15T00:00:42.000Z,2024-12-15T00:00:42.052Z,2024-12-15T00:00:42.165Z,default,buy,taker,99.95,100.05,1.0,1.0,0.10,10.0,filled
2024-12-15T00:00:43.000Z,2024-12-15T00:00:43.044Z,2024-12-15T00:00:43.110Z,default,sell,maker,99.90,99.88,1.0,1.0,0.10,2.0,filled
2024-12-15T00:00:44.000Z,2024-12-15T00:00:44.048Z,2024-12-15T00:00:44.130Z,default,buy,maker,99.85,99.86,1.5,1.5,0.15,1.0,filled
2024-12-15T00:00:45.000Z,2024-12-15T00:00:45.062Z,2024-12-15T00:00:45.220Z,default,sell,taker,99.80,99.68,1.0,1.0,0.10,12.0,filled
2024-12-15T00:00:46.000Z,2024-12-15T00:00:46.040Z,2024-12-15T00:00:46.095Z,default,buy,maker,99.75,99.76,1.0,1.0,0.10,1.0,filled
2024-12-15T00:00:47.000Z,2024-12-15T00:00:47.045Z,2024-12-15T00:00:47.115Z,default,buy,maker,99.80,99.81,0.5,0.5,0.05,1.0,filled
2024-12-15T00:00:48.000Z,2024-12-15T00:00:48.055Z,2024-12-15T00:00:48.180Z,default,sell,taker,99.85,99.78,2.0,1.8,0.18,7.0,partial
2024-12-15T00:00:49.000Z,2024-12-15T00:00:49.042Z,2024-12-15T00:00:49.100Z,default,buy,maker,99.90,99.91,1.0,1.0,0.10,1.0,filled
2024-12-15T00:00:50.000Z,2024-12-15T00:00:50.050Z,2024-12-15T00:00:50.150Z,default,sell,maker,99.95,99.93,1.0,1.0,0.10,2.0,filled
